station_abbr;reference_timestamp;tre200y0;tre200yx;tre200yn;tre005y0;tre005yx;tre005yn;ure200y0;pva200y0;prestay0;pp0qffy0;ppz850y0;ppz700y0;pp0qnhy0;fkl010y0;fkl010y1;fu3010y1;fu3010y0;rre150y0;gre000y0;oli000y0;olo000y0;osr000y0;sre000y0;sremaxyv;erefaoy0;xcd000y0;xno000y0;xno012y0;rreetsy0
ARO;01.01.1890 00:00;;;;;;;;;;;;;;;;;;1405;;;;;;;;;;;
ARO;01.01.1891 00:00;;;;;;;;;;;;;;;;;;1404;;;;;;;;;;;
ARO;01.01.1892 00:00;;;;;;;;;;;;;;;;;;1251;;;;;;;;;;;
ARO;01.01.1893 00:00;;;;;;;;;;;;;;;;;;1053;;;;;;;;;;;
ARO;01.01.1894 00:00;;;;;;;;;;;;;;;;;;1201;;;;;;;;;;;
ARO;01.01.1895 00:00;;;;;;;;;;;;;;;;;;1069;;;;;;;;;;;
ARO;01.01.1896 00:00;;;;;;;;;;;;;;;;;;1464;;;;;;;;;;;
ARO;01.01.1897 00:00;;;;;;;;;;;;;;;;;;1208;;;;;;;;;;;
ARO;01.01.1898 00:00;;;;;;;;;;;;;;;;;;1265;;;;;;;;;;;
ARO;01.01.1899 00:00;;;;;;;;;;;;;;;;;;1133;;;;;;;;;;;
ARO;01.01.1900 00:00;;;;;;;;;;;;;;;;;;1251.2;;;;;;;;;;;
ARO;01.01.1901 00:00;;;;;;;;;;;;;;;;;;1341.2;;;;;92820;;;;;;
ARO;01.01.1902 00:00;;;;;;;;;;;;;;;;;;1249.8;;;;;96486;;;;;;
ARO;01.01.1903 00:00;;;;;;;;;;;;;;;;;;1255.9;;;;;98640;;;;;;
ARO;01.01.1904 00:00;;;;;;;;;;;;;;;;;;1193.2;;;;;101082;;;;;;
ARO;01.01.1905 00:00;;;;;;;;;;;;;;;;;;1468.4;;;;;96366;;;;;;
ARO;01.01.1906 00:00;;;;;;;;;;;;;;;;;;1269.6;;;;;101274;;;;;;
ARO;01.01.1907 00:00;;;;;;;;;;;;;;;;;;1082.8;;;;;95334;;;;;;
ARO;01.01.1908 00:00;;;;;;;;;;;;;;;;;;1196.6;;;;;109722;;;;;;
ARO;01.01.1909 00:00;;;;;;;;;;;;;;;;;;1266;;;;;98640;;;;;;
ARO;01.01.1910 00:00;;;;;;;;;;;;;;;;;;1490.7;;;;;87882;;;;;;
ARO;01.01.1911 00:00;;;;;;;;;;;;;;;;;;1289.1;;;;;115770;;;;;;
ARO;01.01.1912 00:00;;;;;;;;;;;;;;;;;;1300.1;;;;;84708;;;;;;
ARO;01.01.1913 00:00;;;;;;;;;;;;;;;;;;1360.9;;;;;94800;;;;;;
ARO;01.01.1914 00:00;;;;;;;;;;;;;;;;;;1334.7;;;;;98640;;;;;;
ARO;01.01.1915 00:00;;;;;;;;;;;;;;;;;;1302.2;;;;;93180;;;;;;
ARO;01.01.1916 00:00;;;;;;;;;;;;;;;;;;1794.5;;;;;97680;;;;;;
ARO;01.01.1917 00:00;;;;;;;;;;;;;;;;;;1589.1;;;;;111360;;;;;;
ARO;01.01.1918 00:00;;;;;;;;;;;;;;;;;;1194.7;;;;;104820;;;;;;
ARO;01.01.1919 00:00;;;;;;;;;;;;;;;;;;1406.1;;;;;98940;;;;;;
ARO;01.01.1920 00:00;;;;;;;;;;;;;;;;;;1331.4;;;;;103440;;;;;;
ARO;01.01.1921 00:00;;;;;;;;;;;;;;;;;;899.9;;;;;114600;;;;;;
ARO;01.01.1922 00:00;;;;;;;;;;;;;;;;;;1673.8;;;;;93660;;;;;;
ARO;01.01.1923 00:00;;;;;;;;;;;;;;;;;;1342.9;;;;;100440;;;;;;
ARO;01.01.1924 00:00;;;;;;;;;;;;;;;;;;1277.8;;;;;111960;;;;;;
ARO;01.01.1925 00:00;;;;;;;;;;;;;;;;;;1076.2;;;;;103500;;;;;;
ARO;01.01.1926 00:00;;;;;;;;;;;;;;;;;;1689.2;;;;;97440;;;;;;
ARO;01.01.1927 00:00;;;;;;;;;;;;;;;;;;1415.9;;;;;117060;;;;;;
ARO;01.01.1928 00:00;;;;;;;;;;;;;;;;;;1624.7;;;;;112500;;;;;;
ARO;01.01.1929 00:00;;;;;;;;;;;;;;;;;;1088.1;;;;;119700;;;;;;
ARO;01.01.1930 00:00;;;;;;;;;;;;;;;;;;1201.5;;;;;108360;;;;;;
ARO;01.01.1931 00:00;2;25.3;-21.3;;;;66.1;5.3;815.3;;;;;0.6;;;2.2;1458.3;;;;;116034;51;;;6322.6;;
ARO;01.01.1932 00:00;2.9;24.4;-23.5;;;;63.3;5.4;817.1;;;;;0.6;;;2.2;1183.6;;;;;114474;52;;;5985.9;;
ARO;01.01.1933 00:00;2;24.2;-23.3;;;;66.2;5.2;815.6;;;;;0.4;;;1.4;1282.4;;;;;107172;48;;;6363.7;;
ARO;01.01.1934 00:00;3.5;24.2;-18.5;;;;62.5;5.4;816.5;;;;;0.6;;;2.2;1259.3;;;;;123300;55;;;5817.1;;
ARO;01.01.1935 00:00;2;25.7;-20;;;;66.6;5.3;814.6;;;;;0.4;;;1.4;1625.6;;;;;108600;46;;;6328.6;;
ARO;01.01.1936 00:00;2.7;23.7;-20;;;;66.3;5.4;814.7;;;;;0.6;;;2.2;1247.1;;;;;100008;45;;;6103.6;;
ARO;01.01.1937 00:00;2.5;23;-19.4;;;;68.5;5.6;814.1;;;;;0.4;;;1.4;1413.4;;;;;97590;43;;;6129.7;;
ARO;01.01.1938 00:00;2.5;23.2;-21.3;;;;65.5;5.3;816.9;;;;;0.6;;;2.2;1118.9;;;;;115428;51;;;6176.1;;
ARO;01.01.1939 00:00;2.2;22.8;-23;;;;70.6;5.6;814.3;;;;;0.4;;;1.4;1435.3;;;;;94536;43;;;6284.7;;
ARO;01.01.1940 00:00;1.5;22;-27.1;;;;69.2;5.3;814.4;;;;;0.4;;;1.4;1341.6;;;;;104214;46;;;6625.6;;
ARO;01.01.1941 00:00;1.6;23.5;-21.8;;;;68;5.2;814.3;;;;;0.4;;;1.4;1140.8;;;;;106344;47;;;6475;;
ARO;01.01.1942 00:00;2.5;24.2;-22.3;;;;66.8;5.5;815.8;;;;;0.6;;;2.2;1126.3;;;;;117060;52;;;6040.1;;
ARO;01.01.1943 00:00;3.4;26.6;-14;;;;65.1;5.5;817.9;;;;;0.4;;;1.4;1087.8;;;;;118392;52;;;5804.5;;
ARO;01.01.1944 00:00;1.6;27.7;-19.5;;;;68.1;5.2;815.5;;;;;0.4;;;1.4;1367.8;;;;;98508;44;;;6520.8;;
ARO;01.01.1945 00:00;2.8;25.8;-20;;;;61.8;5;817.3;;;;;0.4;;;1.4;1283.5;;;;;117870;50;;;5943.6;;
ARO;01.01.1946 00:00;2.8;26;-20.8;;;;64.1;5.2;815.9;;;;;0.4;;;1.4;1220.9;;;;;110610;49;;;6034.2;;
ARO;01.01.1947 00:00;3.5;26.9;-21.2;;;;62.3;5.3;815.8;;;;;0.4;;;1.4;1332.7;;;;;116058;49;;;5747.4;;
ARO;01.01.1948 00:00;3.5;23.4;-20.9;;;;59.1;4.9;817.7;;;;;0.4;;;1.4;1415.7;;;;;115806;52;;;5849.4;;
ARO;01.01.1949 00:00;3.2;26.1;-22.4;;;;59;4.9;818.1;;;;;0.4;;;1.4;1294.9;;;;;119886;52;;;5890.8;;
ARO;01.01.1950 00:00;2.8;25.6;-17.2;;;;64.8;5.2;815.5;;;;;0.4;;;1.4;1465.5;;;;;112590;48;;;6019.8;;
ARO;01.01.1951 00:00;2.7;25.4;-17.3;;;;74.2;6;814.7;;;;;0.2;;;0.7;1591.4;;;;;101952;45;;;6088.4;;
ARO;01.01.1952 00:00;2;27;-18.2;;;;73.7;5.8;814.8;;;;;0.1;;;0.4;1646.3;;;;;102354;43;;;6414;;
ARO;01.01.1953 00:00;3.1;23.5;-19.2;;;;70.2;5.9;818.1;;;;;0.1;;;0.4;1095.8;;;;;115032;53;;;5906.6;;
ARO;01.01.1954 00:00;1.5;23;-22.8;;;;77.4;5.7;814.7;;;;;0.2;;;0.7;1551.7;;;;;90264;43;;;6593.9;;
ARO;01.01.1955 00:00;1.8;23.4;-17.2;;;;75.8;5.8;815;;;;;0.2;;;0.7;1142.7;;;;;101526;48;;;6524.4;;
ARO;01.01.1956 00:00;0.8;23.5;-28.4;;;;75.4;5.6;815.7;;;;;0.4;;;1.4;1317.2;;;;;104796;50;;;6865.1;;
ARO;01.01.1957 00:00;2.8;26;-18.2;;;;74.1;6;816.6;;;;;0.2;;;0.7;1193.9;;;;;106740;52;;;6114.3;;
ARO;01.01.1958 00:00;2.5;24.9;-17.6;;;;76;6.2;815.3;;;;;0.4;;;1.4;1533.5;;;;;103350;49;;;6126.1;;
ARO;01.01.1959 00:00;3.1;22;-17.4;;;;73.8;6.1;816.6;;;;;0.4;;;1.4;1067.6;;;;;108558;52;;;6016.6;;
ARO;01.01.1960 00:00;2.1;23.5;-22.9;;;;76.8;5.9;814;;;;;0.4;;;1.4;1425.9;;;;;96270;45;;;6431.5;;
ARO;01.01.1961 00:00;3.3;22.3;-17.4;;;;73.9;6.2;817.1;;;;;0.4;;;1.4;1036.9;;;;;115716;55;;;5848.4;;
ARO;01.01.1962 00:00;1.4;24.8;-23.1;;;;76.4;5.7;815.4;;;;;0.4;;;1.4;1139.8;;;;;112410;53;;;6589.7;;
ARO;01.01.1963 00:00;1.7;23;-23.6;;;;75.9;6;814.3;;;;;0.6;;;2.2;1312.8;;;;;99066;48;;;6462.5;;
ARO;01.01.1964 00:00;3;22.8;-16.8;;;;73.6;6;816.8;;;;;0.6;;;2.2;1054.8;;;;;108264;51;;;5978.4;;
ARO;01.01.1965 00:00;1.3;23.5;-19.5;;;;75.4;5.5;814.2;;;;;0.8;;;2.9;1490.3;;;;;94410;44;;;6676.4;;
ARO;01.01.1966 00:00;2.2;24.1;-21;;;;76.1;5.9;814.5;;;;;0.8;;;2.9;1506.3;;;;;93030;43;;;6368;;
ARO;01.01.1967 00:00;2.5;22.9;-21.1;;;;75;5.9;816.9;;;;;1.4;;;5;1413.4;;;;;106830;51;;;6222.1;;
ARO;01.01.1968 00:00;2.3;24.4;-22;;;;75.7;5.9;815.1;;;;;1.4;;;5;1366.8;;;;;104844;50;;;6397;;
ARO;01.01.1969 00:00;2.1;22.1;-19;;;;74.8;5.8;814.4;;;;;1.7;;;6.1;1213;;;;;107874;52;;;6252.1;;
ARO;01.01.1970 00:00;1.8;23.5;-18;;;;74.3;5.7;815.1;;;;;2;;;7.2;1520.7;;;;;97494;46;;;6450.2;;
ARO;01.01.1971 00:00;2.8;25.5;-24.4;;;;72.6;5.6;816.3;;;;;1.7;;;7.6;987.8;;;;;120222;57;;;6067.7;;
ARO;01.01.1972 00:00;2.5;25.2;-14;;;;75.5;5.6;815.5;;;;;1.6;;;7.6;1029.6;;;;;103866;51;;;6276.3;;
ARO;01.01.1973 00:00;2.2;21.5;-21.7;;;;76.4;5.8;814.2;;;;;1.4;;;7.6;1374.8;;;;;100554;48;;;6252.8;;
ARO;01.01.1974 00:00;2.1;23.1;-14;;;;79.3;5.8;812.3;;;;;1.4;;;7.9;1522;;;;;92748;43;;;6363.5;;
ARO;01.01.1975 00:00;2.6;23.5;-14.4;;;;74.9;5.7;813.8;;;;;1.5;;;8.3;1250.4;;;;;104784;50;;;6124.3;;
ARO;01.01.1976 00:00;2.2;22.3;-18.5;;;;78.1;5.8;812.9;;;;;1.4;;;7.9;1343.3;;;;;102558;48;;;6330.6;;
ARO;01.01.1977 00:00;2.6;22.3;-14.5;;;;78.8;6;813.1;;;;;1.5;;;8.3;1432.8;;;;;86112;41;;;6239.7;;
ARO;01.01.1978 00:00;2.1;19.8;-14.8;;;;75.2;5.5;812.2;;;;;1.3;;;7.6;1321;;;;;96042;46;;;6365.4;;
ARO;01.01.1979 00:00;2;21.8;-22.1;;;;77.1;5.7;812.4;;;;;1.3;;;7.2;1740.5;;;;;93114;43;;;6393.4;;
ARO;01.01.1980 00:00;1.6;25.1;-17.5;;;;74.3;5.3;812.7;;;;;1.3;;;7.2;1381.4;;;;;87666;42;;;6554.1;;
ARO;01.01.1981 00:00;2;22.3;-18;;;;82.3;6.2;813.2;;;;;1.6;;;8.3;1660.1;;;;;89934;42;;0;6369.4;3713.4;
ARO;01.01.1982 00:00;3;22;-16.7;;;;80.7;6.5;814.3;;;;;1.5;;;8.3;1391.6;;;;;98118;46;;0;5954.3;3346.3;
ARO;01.01.1983 00:00;3.4;26.5;-16;;;;75.6;6.2;814.9;;;;;1.6;;;8.6;1347.5;;;;;101736;49;;10.3;5772.2;3268.2;
ARO;01.01.1984 00:00;1.8;25.2;-16.3;;;;78.6;5.7;812.5;;;;;1.6;;;8.3;1264.3;;;;;94818;45;;1.5;6518.2;3766.2;
ARO;01.01.1985 00:00;2.4;23;-23.8;;;;76.9;5.9;813.2;;;;;1.7;;;8.6;1225.8;;;;;107088;50;;0;6204.3;3588.3;
ARO;01.01.1986 00:00;2.6;22.6;-23.6;;;;76.6;6;813.8;;;;;1.6;;;8.3;1330.3;;;;;105348;49;;0;6016.9;3488.9;
ARO;01.01.1987 00:00;2.5;23.1;-28.1;;;;76.3;5.9;813.4;;;;;1.6;;;8.3;1584;;;;;96300;46;;0;6129.8;3537.8;
ARO;01.01.1988 00:00;2.9;23.7;-17.2;;;;77.4;6;813.6;;;;;1.4;;;7.9;1455.4;;;;;93096;44;;0;6042.6;3378.6;
ARO;01.01.1989 00:00;3.9;22.5;-13.5;;;;69.8;5.8;815.5;;;;;1.5;;;8.3;1036;;;;;109938;54;;0;5662.5;2998.5;
ARO;01.01.1990 00:00;3.3;22.2;-14.2;;;;73.9;5.8;815.1;;;;;1.6;;;8.3;1330.1;;;;;108684;52;;0;5860.6;3244.6;
ARO;01.01.1991 00:00;2.8;23.7;-20;;;;76.5;6.1;814.5;;;;;1.5;;;8.6;1276.6;;;;;109050;52;;0;5905.8;3433.8;
ARO;01.01.1992 00:00;3.6;24.8;-16.6;;;;76.9;6.4;815;;;;;1.4;;;6.5;1249.7;;;;;101526;48;;1.4;5785;3201;
ARO;01.01.1993 00:00;2.9;23.2;-19.5;;;;76.4;6.1;814.3;;;;;1.4;;;5.4;1350.7;;;;;100848;48;;0;5998.4;3366.4;
ARO;01.01.1994 00:00;4.1;24.9;-14.7;;;;80.1;6.9;814.4;;;;;1.4;;;5.8;1335.6;;;;;99876;46;;2.6;5463.3;3015.3;
ARO;01.01.1995 00:00;2.8;23.7;-18.2;;;;79.7;6.3;813.5;;;;;1.3;;;5.4;1339.6;;;;;92274;44;;0;6046.6;3438.6;
ARO;01.01.1996 00:00;2.6;21.8;-18.7;;;;76.7;5.9;811.9;;;;;1.4;;;5.4;1263.6;;;;;96750;45;;0;6172.3;3476.3;
ARO;01.01.1997 00:00;4.3;23;-13;;;;64.7;5.5;814.8;;;;;1.3;;;4.7;1322.3;;;;;106758;51;;0;5395.3;2875.3;
ARO;01.01.1998 00:00;3.6;25.6;-16.6;;;;64.7;5.4;814.3;;;;;1.5;40.1;144.4;4.3;1302.7;;;;;104067;50;;7.5;5705.5;3193.5;
ARO;01.01.1999 00:00;3.5;24.1;-19.2;;;;65.7;5.5;813.4;;;;;1.4;30.9;111.2;4;1975.8;;;;;95098;46;;0.7;5775;3183;
ARO;01.01.2000 00:00;4.2;24.1;-16.5;;;;63.5;5.4;814.2;;;;;1.5;26.8;96.5;4.3;1573.1;;;;;95631;46;;0.1;5481.1;2977.1;
ARO;01.01.2001 00:00;3.6;25.1;-17.4;;;;66.3;5.4;813.6;;;;;1.3;26.2;94.3;5;1614.5;;;;;95166;46;;1.1;5719.5;3191.5;
ARO;01.01.2002 00:00;4.3;25.3;-15.4;;;;72.5;6.4;813.9;;;;;1.2;35.5;127.8;5;1541.8;;;;;94089;45;;5.3;5464.7;2912.7;
ARO;01.01.2003 00:00;4.6;26.2;-17.8;;;;65.5;6.1;815;;;;;1.3;29.8;107.3;5.4;1111.1;;;;;120850;58;;16.9;5203.6;2987.6;
ARO;01.01.2004 00:00;3.4;23.2;-15.8;;;;70.3;5.8;813.8;;;;;1.2;24.2;87.1;5;1168.2;;;;;92928;45;;0;5830.2;3270.2;
ARO;01.01.2005 00:00;2.9;26.2;-19.5;;;;69.2;5.7;814.2;;;;;1.2;20.1;72.4;4.3;1179.1;;;;;101388;;;2.3;5971.3;3427.3;
ARO;01.01.2006 00:00;4.4;26;-18.8;;;;65.9;5.9;814.9;;;;;1.4;24.2;87.1;5;1070.2;;;;;104371;50;;3.7;5361.4;2977.4;
ARO;01.01.2007 00:00;4.1;24.6;-15.4;;;;68.2;5.8;814.6;;1498.7;;1018.5;1.3;29.8;107.3;4.7;1391.2;;;;;103573;50;;0.4;5541.3;2965.3;
ARO;01.01.2008 00:00;3.8;25.1;-15.5;;;;72.4;6.2;813.6;;1490;;1017.4;1.3;23.1;83.2;4.7;1617.6;;;;;97594;47;;0.2;5604.2;3124.2;
ARO;01.01.2009 00:00;3.7;24.1;-18.8;;;;70.5;6;812.9;;1482.6;;1016.5;1.2;25.2;90.7;4.3;1193.9;;;;;97908;47;;1.3;5615.8;3159.8;
ARO;01.01.2010 00:00;2.5;26.1;-17;;;;70.9;5.7;810.8;;1462.9;;1013.9;1.2;23.1;83.2;4.3;1446.4;;;;;91355;44;;3.5;6159.3;3607.3;
ARO;01.01.2011 00:00;5;27;-16;;;;62.3;5.7;815.7;;1508.7;;1019.8;1.3;26.8;96.5;4.7;1262.9;;;;;115818;56;;4.7;5193.8;2697.8;
ARO;01.01.2012 00:00;3.8;25.5;-23.9;;;;65.2;5.6;814.1;;1494.1;;1017.9;1.3;35;126;4.7;1590.6;;;;;102606;49;;5.3;5597.8;3157.8;
ARO;01.01.2013 00:00;3.5;26.7;-17;;;;62.7;5.2;812.9;;;;;1.2;28.9;104;4.3;1280.1;;;;;94878;46;;9.2;5704;3232;
ARO;01.01.2014 00:00;4.6;26.7;-15.5;;;;61.9;5.4;813.4;;1486.2;;1017.1;1.2;27.5;99;4.3;1482.1;;;;;85013;41;;1.2;5417.5;2769.5;
ARO;01.01.2015 00:00;4.9;28;-13.8;;;;57.5;5.2;816.1;;1515.1;;1020.6;1.3;29.7;106.9;4.7;1154.3;;;;;109716;53;;16.3;5248.1;2816.1;
ARO;01.01.2016 00:00;4;23.1;-17.6;;;;70.6;6.2;811.3;;;;;1.7;24.8;89.3;6.1;1174.4;146;;;;97168;44;601;2.1;5511.4;3055.4;
ARO;01.01.2017 00:00;3.9;23.6;-17.9;4.6;30.2;-16.7;68.8;6;812.1;;1506.2;;1019.4;1.7;20.7;74.5;6.1;1096.1;154;;;;108456;49;649.2;3.8;5542.1;3134.1;577.6
ARO;01.01.2018 00:00;4.6;23.3;-24.9;5.8;33.9;-10.8;68.9;6.3;810.6;;1490.8;;1017.6;1.7;29.9;107.6;6.1;1090.3;153;;;;103902;47;659.6;0.1;5188.1;2820.1;550.3
ARO;01.01.2019 00:00;4.3;26.2;-16.3;5.1;31.9;-10.6;66.9;6;810.8;;1493.3;;1017.9;1.7;23.4;84.2;6.1;1420.8;152;;;;103273;47;656.5;16.3;5386.3;3002.3;847.3
ARO;01.01.2020 00:00;4.8;23.8;-14.7;5.1;30.2;-13.7;66.6;6.1;812;;1503.7;;1019.2;1.7;21.8;78.5;6.1;1135.9;154;;;;110686;50;652.4;0.5;5249.7;2793.7;625.3
ARO;01.01.2021 00:00;3.4;23;-16.1;4.5;30.5;-8.6;69.2;5.9;811.1;;1497.4;;1018.2;1.6;20.7;74.5;5.8;1122.3;155;;;;104516;48;612.3;0.4;5853.5;3229.5;
ARO;01.01.2022 00:00;5.2;24.1;-14.8;5.5;;;65.4;6.3;813;;1513.8;;1020.5;1.6;25.2;90.7;5.8;963.8;161;;;;118652;54;690.3;2.5;4954.8;2682.8;
ARO;01.01.2023 00:00;4.9;26.2;-16.5;5.4;30.8;-12.2;68.5;6.3;811.3;;1496.9;;1018.4;1.6;24.9;89.6;5.8;1352.5;151;;;;97813;44;654;11.2;5169.7;2841.7;811.4
ARO;01.01.2024 00:00;5.3;24.3;-15.8;5.2;33.6;-10.3;66.6;6.3;811.4;;1497.9;;1018.6;1.6;24.9;89.6;5.8;1145.3;144;;;;93245;42;634.1;4.2;5032.3;2672.3;681.6
