Station/Location;Date;tre200s0;rre150z0;sre000z0;gre000z0;ure200s0;tde200s0;dkl010z0;fu3010z0;fu3010z1;prestas0;pp0qffs0;pp0qnhs0;ppz850s0;ppz700s0;dv1towz0;fu3towz0;fu3towz1;ta1tows0;uretows0;tdetows0
TAE;202506051750;18.40;0.00;10.00;162.00;73.80;13.60;163.00;2.50;4.30;951.90;1013.30;1015.10;-;-;-;-;-;-;-;-
COM;202506051750;15.70;0.00;0.00;48.00;99.90;15.70;277.00;2.90;4.30;949.60;1015.80;1017.20;-;-;-;-;-;-;-;-
ABO;202506051750;13.90;0.00;0.00;32.00;81.20;10.70;47.00;6.10;11.50;867.80;-;1017.80;1500.40;-;-;-;-;-;-;-
AIG;202506051750;19.50;0.00;0.00;68.00;69.00;13.70;322.00;2.90;5.40;970.00;1013.90;1015.20;-;-;-;-;-;-;-;-
ALT;202506051750;17.80;0.00;0.00;82.00;85.10;15.30;260.00;0.70;2.90;963.30;1013.80;1015.10;-;-;-;-;-;-;-;-
ARH;202506051750;17.90;0.00;0.00;67.00;74.90;13.40;136.00;6.80;18.00;968.10;1014.00;1015.10;-;-;-;-;-;-;-;-
AND;202506051750;13.50;0.00;0.00;55.00;92.30;12.30;298.00;1.80;6.80;904.10;-;1017.70;1505.10;-;-;-;-;-;-;-
ANT;202506051750;12.90;0.00;0.00;70.00;76.70;8.90;197.00;18.00;27.00;857.10;-;1018.80;1505.60;-;-;-;-;-;-;-
ARO;202506051750;9.60;-;0.00;39.00;93.60;8.60;90.00;3.60;8.60;812.60;-;1020.00;1503.30;-;-;-;-;-;-;-
RAG;202506051750;17.70;0.00;6.00;133.00;77.70;13.80;137.00;1.10;2.90;957.50;1014.50;1016.00;-;-;-;-;-;-;-;-
BAN;202506051750;-;-;0.00;63.00;-;-;-;-;-;-;-;-;-;-;252.00;38.50;48.60;14.80;68.00;9.00
BAS;202506051750;18.60;0.00;0.00;60.00;77.10;14.50;140.00;4.70;7.20;976.90;1013.60;1014.50;-;-;-;-;-;-;-;-
LAT;202506051750;11.50;-;0.00;24.00;99.30;11.40;296.00;2.50;4.70;-;-;-;-;-;-;-;-;-;-;-
BER;202506051750;18.50;0.00;0.00;70.00;66.30;12.10;234.00;6.80;11.90;950.30;1013.30;1015.30;-;-;-;-;-;-;-;-
BEZ;202506051750;18.60;0.00;0.00;55.00;83.10;15.70;300.00;0.40;1.80;976.00;1013.80;1014.70;-;-;-;-;-;-;-;-
BIA;202506051750;17.40;-;0.00;28.00;94.60;16.50;258.00;2.90;4.70;983.30;1015.80;1016.40;-;-;-;-;-;-;-;-
BIN;202506051750;12.60;0.00;-;-;87.40;10.60;45.00;5.40;9.70;-;-;-;-;-;-;-;-;-;-;-
BIZ;202506051750;18.40;-;0.00;184.00;86.30;16.10;233.00;4.70;7.60;955.60;1013.60;1015.20;-;-;-;-;-;-;-;-
BIV;202506051750;10.40;-;-;-;72.80;5.70;10.00;5.40;22.30;-;-;-;-;-;-;-;-;-;-;-
BIE;202506051750;17.60;0.00;0.00;97.00;79.50;14.00;233.00;13.30;23.00;936.20;-;1015.90;1502.90;-;-;-;-;-;-;-
BLA;202506051750;-;-;-;-;-;-;-;-;-;-;-;-;-;-;-;-;-;-;-;-
BOL;202506051750;17.20;0.00;0.00;31.00;70.70;11.80;70.00;3.20;6.10;921.10;-;1016.10;1501.70;-;-;-;-;-;-;-
BOU;202506051750;19.40;-;-;-;71.50;14.10;168.00;5.40;7.90;970.90;1013.90;1015.20;-;-;-;-;-;-;-;-
BRZ;202506051750;-;0.00;-;-;-;-;328.00;1.40;2.90;948.60;-;1015.10;-;-;-;-;-;-;-;-
BUS;202506051750;17.90;0.00;0.00;67.00;78.20;14.10;31.00;4.00;9.40;968.80;1013.50;1014.60;-;-;-;-;-;-;-;-
BUF;202506051750;9.60;0.00;0.00;11.00;81.70;6.60;323.00;4.70;7.20;804.40;-;1021.10;1508.80;-;-;-;-;-;-;-
FRE;202506051750;13.40;0.00;0.00;26.00;78.80;9.80;214.00;18.40;37.80;880.30;-;1017.60;1500.70;-;-;-;-;-;-;-
CEV;202506051750;17.10;0.00;0.00;36.00;95.20;16.30;35.00;4.70;6.80;966.90;1015.70;1016.70;-;-;-;-;-;-;-;-
CHZ;202506051750;19.60;0.00;0.00;110.00;70.80;14.20;205.00;6.80;10.80;962.80;1013.40;1015.00;-;-;-;-;-;-;-;-
CHA;202506051750;9.30;0.00;0.00;45.00;91.90;8.10;222.00;50.00;68.00;840.00;-;1018.30;1497.30;-;-;-;-;-;-;-
CHM;202506051750;12.90;0.00;0.00;38.00;77.00;9.00;255.00;10.80;28.10;887.40;-;1017.10;1497.40;-;-;-;-;-;-;-
CHU;202506051750;17.40;0.00;0.00;73.00;79.30;13.80;234.00;2.20;3.60;950.80;1014.50;1016.10;-;-;-;-;-;-;-;-
CHD;202506051750;17.00;0.00;0.00;40.00;54.80;7.80;207.00;4.30;11.50;899.40;-;1017.40;1508.40;-;-;-;-;-;-;-
CIM;202506051750;10.00;0.00;0.00;68.00;99.00;9.90;61.00;6.10;7.90;834.90;-;1020.30;1512.80;-;-;-;-;-;-;-
CDM;202506051750;12.40;-;-;-;86.10;10.10;212.00;11.20;19.10;-;-;-;-;-;-;-;-;-;-;-
GSB;202506051750;6.20;0.00;0.00;84.00;64.90;0.10;272.00;20.90;40.70;755.70;-;1023.10;-;3111.60;-;-;-;-;-;-
COY;202506051750;15.10;-;-;-;79.50;11.60;261.00;12.20;18.70;-;-;-;-;-;-;-;-;-;-;-
CMA;202506051750;4.60;-;0.00;53.00;100.00;4.60;247.00;16.90;25.90;755.20;-;1022.10;-;3099.20;-;-;-;-;-;-
CRM;202506051750;19.50;0.00;-;42.00;64.80;12.70;199.00;8.30;12.60;964.10;1013.40;1014.90;-;-;-;-;-;-;-;-
DAV;202506051750;10.80;0.00;0.00;28.00;87.40;8.80;59.00;0.70;1.80;841.20;-;1019.70;1508.70;-;-;-;-;-;-;-
DEM;202506051750;18.40;0.10;0.00;25.00;69.10;12.60;273.00;14.80;34.60;963.20;1013.60;1015.00;-;-;-;-;-;-;-;-
DIS;202506051750;12.80;0.00;0.00;69.00;95.30;12.10;282.00;1.80;3.60;882.20;-;1018.70;1509.90;-;-;-;-;-;-;-
EBK;202506051750;16.30;0.00;0.00;97.00;88.80;14.40;206.00;4.00;9.70;943.00;-;1015.90;1499.10;-;-;-;-;-;-;-
EGH;202506051750;2.80;-;0.00;100.00;87.80;1.00;216.00;14.40;21.20;718.60;-;1023.80;-;3105.20;-;-;-;-;-;-
EGO;202506051750;18.90;0.00;-;80.00;73.10;14.00;-;-;-;953.80;1013.30;1015.10;-;-;-;-;-;-;-;-
EIN;202506051750;16.60;0.00;0.00;112.00;73.70;11.90;113.00;1.10;2.90;911.50;-;1016.60;1502.90;-;-;-;-;-;-;-
ELM;202506051750;13.80;0.00;0.00;88.00;95.10;13.00;350.00;5.40;8.60;906.50;-;1016.80;1498.00;-;-;-;-;-;-;-
ENG;202506051750;15.30;0.00;0.00;60.00;88.00;13.30;305.00;1.40;3.20;898.20;-;1017.10;1502.40;-;-;-;-;-;-;-
EVI;202506051750;19.10;-;0.00;92.00;74.40;14.40;334.00;5.80;11.50;958.70;1013.80;1015.50;-;-;-;-;-;-;-;-
EVO;202506051750;11.00;0.00;0.00;56.00;71.00;6.00;273.00;2.50;6.50;817.90;-;1020.30;1506.10;-;-;-;-;-;-;-
FAH;202506051750;16.40;0.00;0.00;16.00;84.90;13.90;196.00;9.70;21.20;945.40;1013.70;1015.30;-;-;-;-;-;-;-;-
FLU;202506051750;17.00;-;-;-;61.10;9.50;258.00;5.00;11.50;-;-;-;-;-;-;-;-;-;-;-
GRA;202506051750;17.80;0.00;0.00;46.00;68.80;12.00;246.00;10.10;15.80;939.80;-;1015.80;1502.70;-;-;-;-;-;-;-
FRU;202506051750;18.10;-;0.00;59.00;72.40;13.10;27.00;5.00;10.10;-;-;-;-;-;-;-;-;-;-;-
GVE;202506051750;20.60;0.00;0.00;84.00;68.80;14.70;232.00;9.70;18.40;966.40;1013.40;1015.00;-;-;-;-;-;-;-;-
GES;202506051750;18.20;0.00;-;-;80.30;14.80;186.00;4.70;13.00;954.30;1013.80;1015.50;-;-;-;-;-;-;-;-
GIH;202506051750;19.60;0.00;0.00;62.00;72.70;14.60;53.00;4.70;10.10;959.70;1013.50;1015.20;-;-;-;-;-;-;-;-
GLA;202506051750;16.10;0.00;0.00;80.00;90.80;14.60;243.00;4.00;5.40;955.00;1014.60;1015.80;-;-;-;-;-;-;-;-
GOR;202506051750;2.50;-;0.00;36.00;76.90;-1.10;230.00;11.20;28.80;698.10;-;1025.10;-;3109.40;-;-;-;-;-;-
GRE;202506051750;18.90;0.00;0.00;59.00;78.90;15.20;237.00;11.90;16.20;964.30;1013.50;1014.90;-;-;-;-;-;-;-;-
GRH;202506051750;9.80;0.00;0.00;93.00;65.80;3.70;154.00;16.90;26.30;805.20;-;1021.10;1508.90;-;-;-;-;-;-;-
GRO;202506051750;17.20;0.00;0.00;56.00;96.00;16.60;30.00;5.00;6.80;978.50;1016.20;1017.00;-;-;-;-;-;-;-;-
GRC;202506051750;13.40;0.00;0.00;91.00;59.00;5.60;-;-;-;839.80;-;1019.30;1504.00;-;-;-;-;-;-;-
GOS;202506051750;15.20;0.00;-;-;85.20;12.70;351.00;2.90;5.00;907.00;-;1016.40;1498.10;-;-;-;-;-;-;-
GOE;202506051750;18.80;0.00;0.00;85.00;77.10;14.70;46.00;7.20;11.20;969.40;1013.30;1014.50;-;-;-;-;-;-;-;-
GUE;202506051750;6.90;0.00;0.00;106.00;87.70;5.00;142.00;37.40;50.80;773.40;-;1021.30;1503.50;-;-;-;-;-;-;-
GUT;202506051750;19.00;0.00;0.00;187.00;73.70;14.20;162.00;2.90;5.80;963.10;1013.60;1015.10;-;-;-;-;-;-;-;-
HLL;202506051750;18.20;0.00;0.00;55.00;73.80;13.50;198.00;3.60;5.40;965.50;1013.70;1015.00;-;-;-;-;-;-;-;-
HOE;202506051750;14.10;0.00;2.00;138.00;78.70;10.50;239.00;10.10;15.80;887.90;-;1017.30;1500.90;-;-;-;-;-;-;-
ILZ;202506051750;16.20;0.00;0.00;57.00;88.30;14.30;-;-;-;935.50;-;1016.90;1506.90;-;-;-;-;-;-;-
INT;202506051750;19.00;0.00;0.00;80.00;64.10;12.10;242.00;4.30;6.80;947.40;1013.00;1015.20;-;-;-;-;-;-;-;-
JUN;202506051750;-0.50;-;0.00;104.00;81.70;-3.20;170.00;24.50;35.60;659.70;-;1025.40;-;3098.70;-;-;-;-;-;-
KOP;202506051750;18.70;0.00;0.00;57.00;69.20;12.90;240.00;9.40;13.00;957.90;1013.40;1015.00;-;-;-;-;-;-;-;-
BRL;202506051750;13.40;0.00;0.00;42.00;87.90;11.40;252.00;8.30;13.30;896.50;-;1016.90;1497.20;-;-;-;-;-;-;-
CDF;202506051750;13.00;0.10;0.00;44.00;87.40;11.00;268.00;10.80;15.50;900.00;-;1016.90;1496.60;-;-;-;-;-;-;-
DOL;202506051750;10.10;0.00;0.00;65.00;90.30;8.60;234.00;37.80;51.50;832.80;-;1018.90;1500.40;-;-;-;-;-;-;-
LAC;202506051750;17.70;0.00;-;-;84.60;15.10;-;-;-;-;-;-;-;-;-;-;-;-;-;-
LAG;202506051750;17.80;0.00;0.00;70.00;71.30;12.50;340.00;2.90;4.70;929.60;-;1016.10;1504.30;-;-;-;-;-;-;-
MLS;202506051750;7.80;0.00;0.00;31.00;83.90;5.30;229.00;33.80;52.60;803.00;-;1020.10;1503.60;-;-;-;-;-;-;-
LEI;202506051750;18.40;0.00;0.00;49.00;78.00;14.50;267.00;4.00;6.80;974.10;1013.60;1014.60;-;-;-;-;-;-;-;-
ATT;202506051750;3.60;-;0.00;64.00;87.70;1.80;206.00;18.70;27.00;732.60;-;1023.20;-;3103.60;-;-;-;-;-;-
CHB;202506051750;14.20;0.00;-;-;85.90;11.90;225.00;9.40;16.20;897.20;-;1017.10;1500.10;-;-;-;-;-;-;-
DIA;202506051750;1.30;-;-;22.00;99.20;1.20;226.00;32.80;49.70;711.90;-;1023.60;-;3100.50;-;-;-;-;-;-
MAR;202506051750;16.60;0.00;-;-;58.40;8.40;206.00;4.00;12.60;-;-;-;-;-;-;-;-;-;-;-
OTL;202506051750;17.40;0.00;0.00;60.00;88.70;15.50;51.00;1.80;4.00;972.30;1015.60;1016.60;-;-;-;-;-;-;-;-
LUG;202506051750;18.80;0.00;0.00;43.00;85.40;16.30;180.00;4.30;9.70;980.20;1015.10;1015.90;-;-;-;-;-;-;-;-
LUZ;202506051750;18.70;0.00;0.00;61.00;75.90;14.40;169.00;1.80;2.90;961.50;1013.60;1015.10;-;-;-;-;-;-;-;-
LAE;202506051750;14.90;-;0.00;70.00;87.60;12.90;161.00;11.50;16.60;918.30;-;1016.00;1495.20;-;-;-;-;-;-;-
MAG;202506051750;18.50;0.00;0.00;54.00;85.70;16.10;58.00;4.70;7.20;991.70;1015.60;1016.10;-;-;-;-;-;-;-;-
MAS;202506051750;17.70;0.00;-;-;67.80;11.70;246.00;10.80;22.70;-;-;-;-;-;-;-;-;-;-;-
MAH;202506051750;18.20;0.00;0.00;27.00;76.90;14.10;206.00;4.00;7.20;963.60;1013.70;1015.00;-;-;-;-;-;-;-;-
MTR;202506051750;6.40;-;0.00;42.00;97.10;6.00;131.00;20.20;24.80;783.20;-;1021.80;1512.80;-;-;-;-;-;-;-
MER;202506051750;18.70;0.00;0.00;51.00;81.10;15.40;200.00;0.70;2.50;946.40;1013.20;1015.40;-;-;-;-;-;-;-;-
MOB;202506051750;17.90;0.00;-;-;60.20;10.10;202.00;2.90;6.10;919.20;-;1016.40;1505.00;-;-;-;-;-;-;-
MVE;202506051750;14.00;0.00;0.00;30.00;63.20;7.10;252.00;3.20;12.60;858.40;-;1018.90;1507.30;-;-;-;-;-;-;-
GEN;202506051750;11.20;0.00;0.00;52.00;99.40;11.10;180.00;4.30;10.80;841.30;-;1020.50;1515.20;-;-;-;-;-;-;-
MRP;202506051750;-;-;-;-;-;-;-;-;-;-;-;-;-;-;-;-;-;-;-;-
MOA;202506051750;18.60;0.00;0.00;75.00;78.40;14.80;159.00;4.30;6.10;961.50;1013.40;1014.90;-;-;-;-;-;-;-;-
MTE;202506051750;13.60;0.00;0.00;63.00;60.30;6.10;35.00;3.20;6.50;842.40;-;1019.30;1505.10;-;-;-;-;-;-;-
MOE;202506051750;17.50;0.00;0.00;72.00;88.50;15.60;173.00;0.40;1.40;974.00;1013.80;1014.70;-;-;-;-;-;-;-;-
MUB;202506051750;19.30;0.00;0.00;54.00;67.20;13.10;254.00;5.80;11.20;958.50;1013.30;1015.10;-;-;-;-;-;-;-;-
NAS;202506051750;7.00;-;0.00;26.00;74.70;2.80;245.00;18.40;23.40;765.00;-;1022.00;-;3105.70;-;-;-;-;-;-
NAP;202506051750;12.10;0.00;0.00;73.00;82.60;9.20;233.00;13.70;24.80;859.70;-;1018.20;1500.40;-;-;-;-;-;-;-
NEU;202506051750;19.00;0.00;0.00;34.00;60.60;11.20;257.00;9.70;19.10;957.90;1013.20;1014.90;-;-;-;-;-;-;-;-
CGI;202506051750;18.80;0.00;0.00;64.00;77.70;14.80;280.00;6.50;11.50;961.10;1013.60;1015.20;-;-;-;-;-;-;-;-
OBR;202506051750;17.00;0.00;-;-;95.00;16.20;196.00;6.50;10.80;967.50;1014.90;1015.90;-;-;-;-;-;-;-;-
AEG;202506051750;-;-;-;-;-;-;229.00;2.90;5.00;-;-;-;-;-;-;-;-;-;-;-
ORO;202506051750;15.90;0.00;0.00;73.00;78.00;12.10;205.00;7.90;11.90;920.80;-;1016.80;1504.00;-;-;-;-;-;-;-
BEH;202506051750;6.10;0.10;0.00;20.00;95.60;5.50;131.00;24.80;30.60;777.30;-;1022.90;1520.90;-;-;-;-;-;-;-
PAY;202506051750;19.10;0.00;0.00;67.00;66.30;12.70;218.00;7.60;11.90;957.50;1013.40;1015.10;-;-;-;-;-;-;-;-
PIL;202506051750;7.30;0.00;0.00;24.00;100.00;7.30;232.00;19.40;41.00;790.20;-;1020.50;1503.40;-;-;-;-;-;-;-
PIO;202506051750;13.60;0.00;0.00;57.00;95.80;12.90;280.00;1.10;2.50;904.40;-;1018.40;1510.70;-;-;-;-;-;-;-
COV;202506051750;0.00;0.00;0.00;28.00;98.50;-0.20;158.00;21.20;47.20;683.30;-;1025.40;-;3108.40;-;-;-;-;-;-
PMA;202506051750;4.00;0.00;0.00;38.00;92.50;2.90;198.00;31.70;52.60;738.30;-;1022.70;-;3100.90;-;-;-;-;-;-
PLF;202506051750;15.50;0.00;0.00;33.00;63.30;8.60;245.00;21.20;32.00;897.40;-;1017.00;1502.00;-;-;-;-;-;-;-
ROB;202506051750;13.10;0.00;0.00;7.00;97.10;12.70;45.00;4.30;5.80;896.00;-;1019.80;1520.70;-;-;-;-;-;-;-
PUY;202506051750;19.40;0.00;0.00;74.00;63.50;12.30;4.00;2.90;6.10;961.60;1013.70;1015.40;-;-;-;-;-;-;-;-
QUI;202506051750;-;-;-;-;-;-;66.00;2.50;5.80;965.80;-;1015.40;-;-;-;-;-;-;-;-
ROE;202506051750;8.30;0.00;0.00;20.00;93.10;7.30;3.00;1.40;3.20;811.60;-;1020.90;1512.30;-;-;-;-;-;-;-
RUE;202506051750;16.20;0.00;0.00;110.00;86.50;13.90;42.00;1.40;2.90;943.90;-;1015.50;1495.40;-;-;-;-;-;-;-
SBE;202506051750;9.30;0.00;0.00;34.00;96.50;8.80;0.00;0.00;1.80;837.30;-;1020.50;1514.90;-;-;-;-;-;-;-
HAI;202506051750;16.10;0.00;0.00;87.00;77.20;12.10;212.00;6.50;10.80;932.20;-;1015.90;1497.70;-;-;-;-;-;-;-
SAM;202506051750;10.30;0.00;0.00;14.00;82.80;7.50;213.00;7.90;15.50;830.10;-;1020.50;1512.10;-;-;-;-;-;-;-
SAG;202506051750;16.80;0.00;-;-;81.60;13.60;252.00;4.00;6.50;924.40;-;1016.10;1500.80;-;-;-;-;-;-;-
SHA;202506051750;18.10;0.00;0.00;95.00;72.80;13.10;290.00;3.60;5.00;963.30;1013.80;1015.10;-;-;-;-;-;-;-;-
SRS;202506051750;16.50;0.00;-;-;87.10;14.30;84.00;4.70;8.60;-;-;-;-;-;-;-;-;-;-;-
SCM;202506051750;-;-;-;-;-;-;100.00;13.00;18.70;966.90;-;1015.10;-;-;-;-;-;-;-;-
SPF;202506051750;18.10;0.00;-;64.00;65.10;11.40;185.00;5.40;8.60;929.50;-;1016.10;1504.80;-;-;-;-;-;-;-
SCU;202506051750;14.20;0.00;0.00;25.00;69.30;8.70;257.00;11.50;19.40;870.10;-;1018.00;1502.40;-;-;-;-;-;-;-
SIA;202506051750;8.80;0.00;0.00;8.00;94.70;8.00;227.00;18.40;30.60;821.00;-;1021.10;1516.30;-;-;-;-;-;-;-
SIM;202506051750;-;-;-;-;-;-;116.00;4.00;8.60;853.90;-;1019.60;-;-;-;-;-;-;-;-
SIO;202506051750;21.10;0.00;0.00;30.00;53.00;11.20;239.00;4.30;10.80;957.70;1012.30;1014.40;-;-;-;-;-;-;-;-
PRE;202506051750;-;-;-;-;-;-;232.00;11.50;18.40;-;-;-;-;-;-;-;-;-;-;-
STC;202506051750;-;-;0.00;66.00;-;-;-;-;-;-;-;-;-;-;227.00;0.70;2.20;15.80;79.50;12.30
STG;202506051750;15.40;0.00;0.00;86.00;85.70;13.00;184.00;3.20;6.10;926.10;-;1016.30;1498.60;-;-;-;-;-;-;-
SMM;202506051750;12.70;0.00;0.00;27.00;89.20;11.00;229.00;4.00;7.90;862.40;-;1019.00;1508.60;-;-;-;-;-;-;-
SBO;202506051750;18.20;0.00;0.00;1.00;89.10;16.40;63.00;6.10;10.10;974.30;1015.10;1016.10;-;-;-;-;-;-;-;-
STK;202506051750;-;-;-;-;-;-;226.00;6.50;9.70;967.90;-;1014.90;-;-;-;-;-;-;-;-
SAE;202506051750;4.10;0.00;0.00;105.00;98.90;3.90;242.00;14.80;25.60;753.90;-;1021.60;-;3094.30;-;-;-;-;-;-
THU;202506051750;19.30;0.00;0.00;36.00;72.00;14.10;98.00;5.80;9.70;948.20;1012.80;1015.00;-;-;-;-;-;-;-;-
TIT;202506051750;0.60;-;0.00;72.00;99.50;0.50;199.00;11.50;18.70;700.30;-;1023.70;-;3099.20;-;-;-;-;-;-
UEB;202506051750;-;-;0.00;125.00;-;-;-;-;-;-;-;-;-;-;227.00;11.50;17.60;14.60;81.50;11.50
ULR;202506051750;15.30;0.00;0.00;72.00;56.50;6.70;293.00;3.20;10.40;865.90;-;1018.20;1504.20;-;-;-;-;-;-;-
VAD;202506051750;16.60;0.00;1.00;113.00;88.10;14.60;332.00;0.70;3.20;961.90;1014.80;1015.90;-;-;-;-;-;-;-;-
VAB;202506051750;10.40;0.00;0.00;49.00;99.20;10.30;169.00;7.60;11.20;843.60;-;1019.30;1506.20;-;-;-;-;-;-;-
VLS;202506051750;11.30;0.00;0.00;39.00;99.20;11.20;17.00;3.20;7.20;-;-;-;-;-;-;-;-;-;-;-
VEV;202506051750;19.20;0.00;0.00;75.00;68.50;13.30;81.00;6.50;11.20;-;-;-;-;-;-;-;-;-;-;-
VIO;202506051750;12.70;0.00;0.00;45.00;99.30;12.60;72.00;1.40;2.50;894.60;-;1019.50;1517.40;-;-;-;-;-;-;-
VIT;202506051750;16.60;0.00;-;-;74.60;12.10;220.00;15.50;24.50;-;-;-;-;-;-;-;-;-;-;-
VIS;202506051750;21.20;0.00;0.00;53.00;47.30;9.50;298.00;2.20;4.30;940.40;-;1015.20;1508.10;-;-;-;-;-;-;-
WFJ;202506051750;-;0.00;-;-;-;-;-;-;-;-;-;-;-;-;-;-;-;-;-;-
WYN;202506051750;19.30;0.00;0.00;94.00;67.30;13.10;211.00;4.00;9.40;964.80;1013.30;1014.70;-;-;-;-;-;-;-;-
WAE;202506051750;17.60;0.00;0.00;140.00;79.90;14.10;112.00;4.30;9.70;958.00;1013.80;1015.20;-;-;-;-;-;-;-;-
PSI;202506051750;17.60;0.00;0.00;55.00;89.20;15.80;-;-;-;975.00;1013.90;1014.70;-;-;309.00;2.20;3.60;18.70;68.20;-
ZER;202506051750;13.00;0.00;0.00;69.00;59.80;5.40;30.00;4.30;8.30;836.40;-;1019.40;1503.80;-;-;-;-;-;-;-
REH;202506051750;18.10;0.00;0.00;98.00;76.00;13.80;161.00;5.40;8.60;962.60;1013.60;1015.00;-;-;-;-;-;-;-;-
SMA;202506051750;17.20;0.00;3.00;129.00;80.70;13.90;202.00;4.00;6.50;950.10;1013.80;1015.40;-;-;-;-;-;15.90;81.00;12.70
KLO;202506051750;18.80;0.00;0.00;102.00;74.50;14.20;178.00;9.00;13.00;964.50;1013.50;1014.90;-;-;-;-;-;-;-;-
PFA;202506051750;18.40;0.00;8.00;162.00;76.80;14.30;218.00;5.40;8.30;952.20;1013.40;1015.30;-;-;-;-;-;-;-;-
